{
  "version": 2,
  "blocks": [],
  "cards": [
    {
      "id": "card_1765633379159_e7zvlpjhm",
      "x": 3866,
      "y": 2845.5,
      "width": 400,
      "height": 300,
      "filePath": "README.md",
      "lastModified": 1765633379159
    }
  ],
  "pinnedFiles": [],
  "stashCards": [
    {
      "id": "card_1765633018774_ookmgsae7",
      "filePath": "test/ssfw.md",
      "lastModified": 1765633352041,
      "originalX": 3656.4999067910016,
      "originalY": 2955.0001899412514,
      "originalWidth": 400,
      "originalHeight": 306.83856431618244
    }
  ]
}