{
  "version": 2,
  "blocks": [],
  "cards": [
    {
      "id": "card_1765633018774_ookmgsae7",
      "x": 3656.4999067910016,
      "y": 2955.0001899412514,
      "width": 400,
      "height": 306.83856431618244,
      "filePath": "test/ssfw.md",
      "lastModified": 1765633216544
    }
  ],
  "pinnedFiles": [],
  "stashCards": []
}